[
  {
    "id": "2457347e-f4ff-4fb0-90fd-0d3b81693fb4",
    "title": "轮播图-指示器",
    "code": "<ol class=\"carousel-indicators\">\r\n            <li data-target=\"#ca\" data-slide-to=\"0\" class=\"active\"></li>\r\n            <li data-target=\"#ca\" data-slide-to=\"1\"></li>\r\n            <li data-target=\"#ca\" data-slide-to=\"2\"></li>\r\n         </ol>",
    "classifyName": "Web前端-html&amp;Bootstrap"
  },
  {
    "id": "2c6775c2-33f1-4238-8a7d-a37203968876",
    "title": "轮播图-实现",
    "code": "<div id=\"ca\" class=\"carousel slide\" data-ride=\"carousel\">\r\n        <div class=\"carousel-inner\">\r\n            <div class=\"carousel-item active\"><img src=\"../image/slide1.webp\" alt=\"\" class=\"d-block w-100\"></div>\r\n            <div class=\"carousel-item\">       <img src=\"../image/slide2.webp\" alt=\"\" class=\"d-block w-100\"></div>\r\n            <div class=\"carousel-item\">       <img src=\"../image/slide3.webp\" alt=\"\" class=\"d-block w-100\"></div>\r\n        </div>\r\n    </div>",
    "classifyName": "Web前端-html&amp;Bootstrap"
  },
  {
    "id": "374c3651-0b2d-41ad-a4c3-9413c7e4a333",
    "title": "轮播图-左右切换按钮",
    "code": " <a href=\"#ca\" class=\"carousel-control-prev\" role=\"button\" data-slide=\"prev\">\r\n            <span class=\"carousel-control-prev-icon\"></span>\r\n            <span class=\"sr-only\">Previous</span>\r\n        </a>\r\n        <!-- 下一个 -->\r\n        <a href=\"#ca\" class=\"carousel-control-next\" role=\"button\" data-slide=\"next\">\r\n            <span class=\"carousel-control-next-icon\"></span>\r\n            <span class=\"sr-only\">Next</span>\r\n        </a>",
    "classifyName": "Web前端-html&amp;Bootstrap"
  },
  {
    "id": "0e65cfe2-77a9-4dc2-9b2a-4e558596cb0b",
    "title": "卡片商品",
    "code": "<div class=\"col-md-6\">\r\n                <div class=\"card\">\r\n\r\n                    <div class=\"card-header\">头部</div>\r\n                    <img src=\"../image/这是一本教材.jpg\" alt=\"\" class=\"card-img\">\r\n                    <div class=\"card-body\">这是一本教材</div>\r\n                    <div class=\"card-footer\">\r\n                        <a href=\"#\" class=\"btn btn-primary w-100\">购买</a>\r\n                    </div>\r\n                </div>      \r\n            </div>",
    "classifyName": "Web前端-html&amp;Bootstrap"
  },
  {
    "id": "02708872-d75f-4f17-8ed7-5aa4b2572acb",
    "title": "卡片",
    "code": " <div class=\"container\">\r\n        <div class=\"card\">\r\n            <img src=\"../image/这是一个头像1.jpg\" class=\"card-img-top\" alt=\"\">\r\n            <div class=\"card-header\">卡片头部</div>\r\n            <div class=\"card-body\">\r\n                <h4 class=\"card-title\">卡片标题</h4>\r\n                <h5 class=\"card-subtitle\">卡片副标题</h4>\r\n                <p class=\"card-text\">卡片内容</p>\r\n                <a href=\"#\" class=\"card-link\">卡片链接</a>\r\n                <a href=\"#\" class=\"btn btn-primary\">卡片链接</a>\r\n            </div>\r\n            <div class=\"card-footer\">卡片底部</div>\r\n        </div>\r\n\r\n    </div>",
    "classifyName": "Web前端-html&amp;Bootstrap",
    "useCount": 1
  },
  {
    "id": "32773bc2-b53d-4979-8532-fec079b733b1",
    "title": "导航栏",
    "code": "<nav class=\"navbar navbar-expand-sm navbar-dark bg-dark\">\r\n        <a href=\"#\" class=\"navbar-brand\">网站名称</a>\r\n        <ul class=\"navbar-nav\">\r\n            <li class=\"nav-item\"><a class=\"nav-link\" href=\"#\">Home</a></li>\r\n            <li class=\"nav-item\"><a class=\"nav-link\" href=\"#\">About</a></li>\r\n            <li class=\"nav-item\"><a class=\"nav-link\" href=\"#\">Contact</a></li>\r\n        </ul>\r\n\r\n    </nav>",
    "classifyName": "Web前端-html&amp;Bootstrap"
  },
  {
    "id": "84996951-1cb1-42df-8fc3-a88fd518530b",
    "title": "折叠并添加动态效果\n",
    "code": "<nav class=\"navbar navbar-expand-sm navbar-dark bg-dark\">\r\n        <a href=\"#\" class=\"navbar-brand\">网站名称</a>\r\n        <button class=\"navbar-toggler\" type=\"button\" data-toggle=\"collapse\" data-target=\"#navtop\">\r\n            <span class=\"navbar-toggler-icon\" onclick=\"test1()\"></span>\r\n        </button>\r\n        <div class=\"collapse navbar-collapse\" id=\"navtop\">\r\n            <ul class=\"navbar-nav\">\r\n                <li class=\"nav-item\"><a class=\"nav-link\" href=\"#\">Home</a></li>\r\n                <li class=\"nav-item\"><a class=\"nav-link\" href=\"#\">About</a></li>\r\n                <li class=\"nav-item\"><a class=\"nav-link\" href=\"#\">Contact</a></li>\r\n            </ul>\r\n\r\n        </div>\r\n    </nav>\r\n    <!-- 引入动态效果JavaScript -->\r\n    <script src=\"../bootstrap-4.5.0-dist/js/jquery-3.5.1.slim.min.js\"></script>\r\n    <script src=\"../bootstrap-4.5.0-dist/js/bootstrap.min.js\"></script>",
    "classifyName": "Web前端-html&amp;Bootstrap",
    "useCount": 1
  }
]